{
  "#settings/displayName/label": "Outlining colors",
  "#settings/outlining/label": "Outlining",
  "#settings/outlining/tooltip": "",
  "#settings/outlining/fill/solid/label": "Fill",
  "#settings/outlining/fill/solid/tooltip": "",
  "#settings/outlining/fill/pattern/label": "Pattern",
  "#settings/outlining/fill/pattern/tooltip": "",
  "#settings/outlining/common/ally/label": "Ally",
  "#settings/outlining/common/ally/tooltip": "",
  "#settings/outlining/common/enemy/label": "Enemy",
  "#settings/outlining/common/enemy/tooltip": "",
  "#settings/outlining/common/fill/pattern/impenetrable/ally/label": "Ally impenetrable",
  "#settings/outlining/common/fill/pattern/impenetrable/ally/tooltip": "",
  "#settings/outlining/common/fill/pattern/impenetrable/enemy/label": "Enemy impenetrable",
  "#settings/outlining/common/fill/pattern/impenetrable/enemy/tooltip": "",
  "#settings/outlining/common/fill/pattern/penetrable/ally/label": "Ally penetrable",
  "#settings/outlining/common/fill/pattern/penetrable/ally/tooltip": "",
  "#settings/outlining/common/fill/pattern/penetrable/enemy/label": "Enemy penetrable",
  "#settings/outlining/common/fill/pattern/penetrable/enemy/tooltip": "",
  "#settings/outlining/common/fill/solid/impenetrable/ally/label": "Ally impenetrable",
  "#settings/outlining/common/fill/solid/impenetrable/ally/tooltip": "",
  "#settings/outlining/common/fill/solid/impenetrable/enemy/label": "Enemy impenetrable",
  "#settings/outlining/common/fill/solid/impenetrable/enemy/tooltip": "",
  "#settings/outlining/common/fill/solid/penetrable/ally/label": "Ally penetrable",
  "#settings/outlining/common/fill/solid/penetrable/ally/tooltip": "",
  "#settings/outlining/common/fill/solid/penetrable/enemy/label": "Enemy penetrable",
  "#settings/outlining/common/fill/solid/penetrable/enemy/tooltip": ""
}