{
  "#settings/displayName/label": "Цвета обводки",
  "#settings/outlining/label": "Обводка",
  "#settings/outlining/tooltip": "",
  "#settings/outlining/fill/solid/label": "Заливка",
  "#settings/outlining/fill/solid/tooltip": "",
  "#settings/outlining/fill/pattern/label": "Текстура",
  "#settings/outlining/fill/pattern/tooltip": "",
  "#settings/outlining/common/ally/label": "Союзник",
  "#settings/outlining/common/ally/tooltip": "",
  "#settings/outlining/common/enemy/label": "Противник",
  "#settings/outlining/common/enemy/tooltip": "",
  "#settings/outlining/common/fill/pattern/impenetrable/ally/label": "Непростреливаемая зона союзника",
  "#settings/outlining/common/fill/pattern/impenetrable/ally/tooltip": "",
  "#settings/outlining/common/fill/pattern/impenetrable/enemy/label": "Непростреливаемая зона противника",
  "#settings/outlining/common/fill/pattern/impenetrable/enemy/tooltip": "",
  "#settings/outlining/common/fill/pattern/penetrable/ally/label": "Простреливаемая зона союзника",
  "#settings/outlining/common/fill/pattern/penetrable/ally/tooltip": "",
  "#settings/outlining/common/fill/pattern/penetrable/enemy/label": "Простреливаемая зона противника",
  "#settings/outlining/common/fill/pattern/penetrable/enemy/tooltip": "",
  "#settings/outlining/common/fill/solid/impenetrable/ally/label": "Непростреливаемая зона союзника",
  "#settings/outlining/common/fill/solid/impenetrable/ally/tooltip": "",
  "#settings/outlining/common/fill/solid/impenetrable/enemy/label": "Непростреливаемая зона противника",
  "#settings/outlining/common/fill/solid/impenetrable/enemy/tooltip": "",
  "#settings/outlining/common/fill/solid/penetrable/ally/label": "Простреливаемая зона союзника",
  "#settings/outlining/common/fill/solid/penetrable/ally/tooltip": "",
  "#settings/outlining/common/fill/solid/penetrable/enemy/label": "Простреливаемая зона противника",
  "#settings/outlining/common/fill/solid/penetrable/enemy/tooltip": ""
}